{
  "project_info": {
    "project_number": "290122872398",
    "project_id": "tictactoegame-bdf6c",
    "storage_bucket": "tictactoegame-bdf6c.appspot.com"
  },
  "client": [
    {
      "client_info": {
        "mobilesdk_app_id": "1:290122872398:android:70151ec549d2217434751f",
        "android_client_info": {
          "package_name": "com.androidavanzado.tictactoee"
        }
      },
      "oauth_client": [
        {
          "client_id": "290122872398-mltn1qnascm3mhsabvaaav1qonghmj6v.apps.googleusercontent.com",
          "client_type": 3
        }
      ],
      "api_key": [
        {
          "current_key": "AIzaSyDTRwGKogiwY7uHQnyGb-YWZQrmvaKu1vY"
        }
      ],
      "services": {
        "appinvite_service": {
          "other_platform_oauth_client": [
            {
              "client_id": "290122872398-mltn1qnascm3mhsabvaaav1qonghmj6v.apps.googleusercontent.com",
              "client_type": 3
            }
          ]
        }
      }
    }
  ],
  "configuration_version": "1"
}